{
    "description": "项目私有配置文件。此文件中的内容将覆盖 project.config.json 中的相同字段。项目的改动优先同步到此文件中。详见文档：https://developers.weixin.qq.com/miniprogram/dev/devtools/projectconfig.html",
    "projectname": "SayLove%E8%A1%A8%E7%99%BD%E5%A2%99%E5%B0%8F%E7%A8%8B%E5%BA%8F%20v1.5%20-%E4%BA%91%E5%BC%80%E5%8F%91%E4%BC%98%E5%8C%96%E7%89%88",
    "setting": {
        "compileHotReLoad": true
    },
    "libVersion": "2.21.4"
}